1000,"10 Wormholes.png",0,-100,"",-100,"",-100,-100,0,-100,0,0,0,-100,"",-100,
1001,"11 Wormholes.png",0,-100,"",-100,"",-100,-100,0,-100,0,0,0,-100,"",-100,
1002,"12 Repulsor Field.png",0,-100,"",-100,"",-100,-100,0,-100,0,0,0,-100,"",-100,
1003,"13 Repulsor Field.png",0,-100,"",-100,"",-100,-100,0,-100,0,0,0,-100,"",-100,
1004,"14 Repulsor Field.png",0,-100,"",-100,"",-100,-100,0,-100,0,0,0,-100,"",-100,
1005,"15 Time Reversal.png",0,-100,"",-100,"",-100,-100,0,-100,0,0,0,-100,"",-100,
1006,"16 Time Reversal.png",0,-100,"",-100,"",-100,-100,0,-100,0,0,0,-100,"",-100,
1007,"17 Necrorush.png",0,-100,"",-100,"",-100,-100,0,-100,0,0,0,-100,"",-100,
1008,"18 Necrorush.png",0,-100,"",-100,"",-100,-100,0,-100,0,0,0,-100,"",-100,
1009,"19 Necrorush.png",0,-100,"",-100,"",-100,-100,0,-100,0,0,0,-100,"",-100,
1010,"1 Horror.png",0,-100,"",-100,"",-100,-100,0,-100,0,0,0,-100,"",-100,
1011,"20 Necrorush.png",0,-100,"",-100,"",-100,-100,0,-100,0,0,0,-100,"",-100,
1012,"21 Revivify.png",0,-100,"",-100,"",-100,-100,0,-100,0,0,0,-100,"",-100,
1013,"22 Revivify.png",0,-100,"",-100,"",-100,-100,0,-100,0,0,0,-100,"",-100,
1014,"23 Revivify.png",0,-100,"",-100,"",-100,-100,0,-100,0,0,0,-100,"",-100,
1015,"24 Rejeuvenate.png",0,-100,"",-100,"",-100,-100,0,-100,0,0,0,-100,"",-100,
1016,"25 Rejeuvenate.png",0,-100,"",-100,"",-100,-100,0,-100,0,0,0,-100,"",-100,
1017,"26 Rejeuvenate.png",0,-100,"",-100,"",-100,-100,0,-100,0,0,0,-100,"",-100,
1018,"27 WhatTheHell.png",0,-100,"",-100,"",-100,-100,0,-100,0,0,0,-100,"",-100,
1019,"2 Horror.png",0,-100,"",-100,"",-100,-100,0,-100,0,0,0,-100,"",-100,
1020,"3 Horror.png",0,-100,"",-100,"",-100,-100,0,-100,0,0,0,-100,"",-100,
1021,"4 Horror.png",0,-100,"",-100,"",-100,-100,0,-100,0,0,0,-100,"",-100,
1022,"5 Necrotic Shells.png",0,-100,"",-100,"",-100,-100,0,-100,0,0,0,-100,"",-100,
1023,"6 Necrotic Shells.png",0,-100,"",-100,"",-100,-100,0,-100,0,0,0,-100,"",-100,
1024,"7 Necrotic Shells.png",0,-100,"",-100,"",-100,-100,0,-100,0,0,0,-100,"",-100,
1025,7th-432M-B.png,1025,-100,"",4,blue,-100,-100,0,-100,8,0,0,-100,"",-100,
1026,7th-432M-F.png,1025,-100,"",8,blue,-100,-100,0,-100,8,0,0,-100,"",-100,
1027,7th-Aid-B.png,1,-100,"",-100,"",-100,-100,0,-100,0,0,0,-100,"",-100,
1028,7th-Aid-F.png,1,-100,"",-100,"",-100,-100,0,-100,0,0,0,-100,"",-100,
1029,7th-CDOW-B.png,33,-100,black,-100,green,-100,-100,0,-100,0,0,0,-100,"",-100,
1030,7th-CDOW-F.png,33,-100,black,-100,green,-100,-100,0,-100,0,0,0,-100,"",-100,
1031,7th-CDOY-B.png,33,-100,black,-100,green,-100,-100,0,-100,0,0,0,-100,"",-100,
1032,7th-CDOY-F.png,33,-100,black,-100,green,-100,-100,0,-100,0,0,0,-100,"",-100,
1033,7th-CDOZ-B.png,33,-100,black,-100,green,-100,-100,0,-100,0,0,0,-100,"",-100,
1034,7th-CDOZ-F.png,33,-100,black,-100,green,-100,-100,0,-100,0,0,0,-100,"",-100,
1035,7th-Challenger-B.png,1,-100,red,-100,gold,-100,-100,0,-100,8,0,0,-100,"",-100,
1036,7th-Challenger-F.png,1,-100,red,-100,gold,-100,-100,0,-100,8,0,0,-100,"",-100,
1037,7th-Chieftain-B.png,1,-100,red,-100,gold,-100,-100,0,-100,8,0,0,-100,"",-100,
1038,7th-Chieftain-F.png,1,-100,red,-100,gold,-100,-100,0,-100,8,0,0,-100,"",-100,
1039,"7th-Ethereal Cannon-B.png",1025,-100,"",2,black,-100,-100,0,-100,8,0,0,-100,"",-100,
1040,"7th-Ethereal CAnnon-F.png",1,-100,"",-100,green,-100,-100,0,-100,8,0,0,-100,"",-100,
1041,"7th-Father Ryan-B.png",1,-100,"",-100,green,-100,-100,0,-100,0,0,0,-100,"",-100,
1042,"7th-Father Ryan-F.png",1,-100,"",-100,green,-100,-100,0,-100,0,0,0,-100,"",-100,
1043,7th-Focus-B.png,1,-100,"",-100,"",-100,-100,0,-100,0,0,0,-100,"",-100,
1044,7th-Focus-F.png,1,-100,"",-100,"",-100,-100,0,-100,0,0,0,-100,"",-100,
1045,7th-Hamilton-B.png,1,-100,"",-100,green,-100,-100,0,-100,2,0,0,-100,"",-100,
1046,7th-Hamilton-F.png,1,-100,"",-100,green,-100,-100,0,-100,2,0,0,-100,"",-100,
1047,7th-Infantry-B.png,33,-100,black,-100,green,-100,-100,0,-100,0,0,0,-100,"",-100,
1048,7th-Infantry-F.png,33,-100,black,-100,green,-100,-100,0,-100,0,0,0,-100,"",-100,
1049,7th-Initiative.png,1,-100,"",-100,"",-100,-100,0,-100,0,0,0,-100,"",-100,
1050,"7th-Lt Bohm-B.png",1,-100,"",-100,green,-100,-100,0,-100,1,0,0,-100,"",-100,
1051,"7th-Lt Bohm-F.png",1,-100,"",-100,green,-100,-100,0,-100,1,0,0,-100,"",-100,
1052,7th-Milan-B.png,1061,-100,red,2,black,-100,-100,0,-100,0,0,0,-100,"",-100,
1053,7th-Milan-F.png,1061,-100,red,2,black,-100,-100,0,-100,0,0,0,-100,"",-100,
1054,7th-Mortar-B.png,1025,-100,"",4,blue,-100,-100,0,-100,0,0,0,-100,"",-100,
1055,7th-Mortar-F.png,1025,-100,"",8,blue,-100,-100,0,-100,0,0,0,-100,"",-100,
1056,"7th-Phantom Sniper-B.png",1,-100,"",-100,green,-100,-100,0,-100,4,0,0,-100,"",-100,
1057,"7th-Phantom Sniper-F.png",1,-100,"",-100,green,-100,-100,0,-100,4,0,0,-100,"",-100,
1058,7th-Scimitar-B.png,1,-100,gold,-100,green,-100,-100,0,-100,8,0,0,-100,"",-100,
1059,7th-Scimitar-F.png,1,-100,gold,-100,green,-100,-100,0,-100,8,0,0,-100,"",-100,
1060,7th-Scorpion-B.png,1,-100,green,-100,green,-100,-100,0,-100,8,0,0,-100,"",-100,
1061,7th-Scorpion-F.png,1,-100,green,-100,green,-100,-100,0,-100,8,0,0,-100,"",-100,
1062,"7th-Sgt Salt-B.png",1,-100,"",-100,green,-100,-100,0,-100,2,0,0,-100,"",-100,
1063,"7th-Sgt Salt-F.png",1,-100,"",-100,green,-100,-100,0,-100,2,0,0,-100,"",-100,
1064,7th-Striker-B.png,165,-100,blue,2,green,-100,-100,0,-100,8,0,0,-100,"",-100,
1065,7th-Striker-F.png,37,-100,blue,-100,green,-100,-100,0,-100,8,0,0,-100,"",-100,
1066,"7th-Striker Recon-B.png",33,-100,black,-100,green,-100,-100,0,-100,0,0,0,-100,"",-100,
1067,"7th-Striker Recon-F.png",33,-100,black,-100,green,-100,-100,0,-100,0,0,0,-100,"",-100,
1068,7th-Tornado-F.png,1,-100,"",-100,"",-100,-100,0,-100,0,0,0,-100,"",-100,
1069,7th-Trojan-B.png,129,-100,"",2,green,-100,-100,0,-100,8,0,0,-100,"",-100,
1070,7th-Trojan-F.png,1,-100,"",-100,green,-100,-100,0,-100,8,0,0,-100,"",-100,
1071,7th-Wraithbane-B.png,1,-100,"",-100,"",-100,-100,0,-100,0,0,0,-100,"",-100,
1072,7th-Wraithbane-F.png,1,-100,"",-100,"",-100,-100,0,-100,0,0,0,-100,"",-100,
1073,"8 Veil of Deceit.png",0,-100,"",-100,"",-100,-100,0,-100,0,0,0,-100,"",-100,
1074,"9 Veil of Deceit.png",0,-100,"",-100,"",-100,-100,0,-100,0,0,0,-100,"",-100,
1075,"Atera Umbra Card.png",0,-100,"",-100,"",-100,-100,0,-100,0,0,0,-100,"",-100,
1076,"Aterna Umbra Card Tarot.png",0,-100,"",-100,"",-100,-100,0,-100,0,0,0,-100,"",-100,
1077,back_outlined.png,0,-100,"",-100,"",-100,-100,0,-100,0,0,0,-100,"",-100,
1078,Blast.png,1,-100,"",-100,"",-100,-100,0,-100,0,0,0,-100,"",-100,
1079,"BL Splash.jpg",0,-100,"",-100,"",-100,-100,0,-100,0,0,0,-100,"",-100,
1080,BR_Abilities_PAC.png,0,-100,"",-100,"",-100,-100,0,-100,0,0,0,-100,"",-100,
1081,"Champions Back icon.png",0,-100,"",-100,"",-100,-100,0,-100,0,0,0,-100,"",-100,
1082,Chaos.png,0,-100,"",-100,"",-100,-100,0,-100,0,0,0,-100,"",-100,
1083,"Chernobog Card.png",0,-100,"",-100,"",-100,-100,0,-100,0,0,0,-100,"",-100,
1084,"Chernobog Card Tarot.png",0,-100,"",-100,"",-100,-100,0,-100,0,0,0,-100,"",-100,
1085,"Compass Button.png",0,-100,"",-100,"",-100,-100,0,-100,0,0,0,-100,"",-100,
1086,"Counter Lycan.png",0,-100,"",-100,"",-100,-100,0,-100,0,0,0,-100,"",-100,
1087,"Counter Other.png",0,-100,"",-100,"",-100,-100,0,-100,0,0,0,-100,"",-100,
1088,"Counter Vampire.png",0,-100,"",-100,"",-100,-100,0,-100,0,0,0,-100,"",-100,
1089,"Counter Witch.png",0,-100,"",-100,"",-100,-100,0,-100,0,0,0,-100,"",-100,
1090,"Counter Zombie.png",0,-100,"",-100,"",-100,-100,0,-100,0,0,0,-100,"",-100,
1091,cup2.jpg,0,-100,"",-100,"",-100,-100,0,-100,0,0,0,-100,"",-100,
1092,cup-icon.png,0,-100,"",-100,"",-100,-100,0,-100,0,0,0,-100,"",-100,
1093,cup.jpg,0,-100,"",-100,"",-100,-100,0,-100,0,0,0,-100,"",-100,
1094,d6-button.png,0,-100,"",-100,"",-100,-100,0,-100,0,0,0,-100,"",-100,
1095,"DB-Atera Umbra-B.png",1,-100,green,-100,gold,-100,-100,0,-100,4,0,0,-100,"",-100,
1096,"DB-Atera Umbra-button.png",0,-100,"",-100,"",-100,-100,0,-100,0,0,0,-100,"",-100,
1097,"DB-Atera Umbra-F.png",1,-100,green,-100,gold,-100,-100,0,-100,4,0,0,-100,"",-100,
1098,DB-BTR-70-B.png,129,-100,"",4,green,-100,-100,0,-100,16,0,0,-100,"",-100,
1099,DB-BTR-70-F.png,1,-100,"",-100,green,-100,-100,0,-100,16,0,0,-100,"",-100,
1100,DB-Chernobog-B.png,1,-100,"",-100,"",-100,-100,0,-100,4,0,0,-100,"",-100,
1101,DB-Chernobog-button.png,0,-100,"",-100,"",-100,-100,0,-100,0,0,0,-100,"",-100,
1102,DB-Chernobog-F.png,1,-100,"",-100,"",-100,-100,0,-100,4,0,0,-100,"",-100,
1103,DB-Disciple-B.png,1,-100,"",-100,green,-100,-100,0,-100,0,0,0,-100,"",-100,
1104,DB-Disciple-F.png,1,-100,"",-100,green,-100,-100,0,-100,0,0,0,-100,"",-100,
1105,"DB-Experiment 19-B.png",1025,-100,"",2,black,-100,-100,0,-100,4,0,0,-100,"",-100,
1106,"DB-Experiment 19-button.png",0,-100,"",-100,"",-100,-100,0,-100,0,0,0,-100,"",-100,
1107,"DB-Experiment 19-F.png",1025,-100,"",2,black,-100,-100,0,-100,4,0,0,-100,"",-100,
1108,"DB-Hell Hounds-B.png",1,-100,"",-100,"",-100,-100,0,-100,0,0,0,-100,"",-100,
1109,"DB-Hell Hounds-F.png",1,-100,"",-100,"",-100,-100,0,-100,0,0,0,-100,"",-100,
1110,DB-Koschei-B.png,1,-100,"",-100,"",-100,-100,0,-100,4,0,0,-100,"",-100,
1111,DB-Koschei-button.png,0,-100,"",-100,"",-100,-100,0,-100,0,0,0,-100,"",-100,
1112,DB-Koschei-F.png,1,-100,"",-100,"",-100,-100,0,-100,4,0,0,-100,"",-100,
1113,DB-Necrorush.png,1,-100,"",-100,"",-100,-100,0,-100,0,0,0,-100,"",-100,
1114,"DB-Necrotic Plague.png",1,-100,"",-100,"",-100,-100,0,-100,0,0,0,-100,"",-100,
1115,"DB-Plague Mortar-B.png",1,-100,"",-100,blue,-100,-100,0,-100,0,0,0,-100,"",-100,
1116,"DB-Plague Mortar-F.png",1,-100,"",-100,blue,-100,-100,0,-100,0,0,0,-100,"",-100,
1117,"DB-Raging Spirits.png",1,-100,"",-100,"",-100,-100,0,-100,0,0,0,-100,"",-100,
1118,DB-Rasputina-B.png,1,-100,"",-100,green,-100,-100,0,-100,4,0,0,-100,"",-100,
1119,DB-Rasputina-button.png,0,-100,"",-100,"",-100,-100,0,-100,0,0,0,-100,"",-100,
1120,DB-Rasputina-F.png,1,-100,"",-100,green,-100,-100,0,-100,4,0,0,-100,"",-100,
1121,DB-Reborn-2.png,1,-100,"",-100,green,-100,-100,0,-100,0,0,0,-100,"",-100,
1122,DB-Reborn-3.png,33,-100,black,-100,green,-100,-100,0,-100,0,0,0,-100,"",-100,
1123,DB-Reborn-4.png,33,-100,black,-100,green,-100,-100,0,-100,0,0,0,-100,"",-100,
1124,DB-T-72Z-1.png,1,-100,green,-100,green,-100,-100,0,-100,8,0,0,-100,"",-100,
1125,DB-T-72Z-2.png,1,-100,green,-100,green,-100,-100,0,-100,8,0,0,-100,"",-100,
1126,DB-T-72Z-3G.png,1,-100,gold,-100,gold,-100,-100,0,-100,8,0,0,-100,"",-100,
1127,DB-T-72Z-3.png,1,-100,green,-100,green,-100,-100,0,-100,8,0,0,-100,"",-100,
1128,DB-T-72Z-4G.png,1,-100,gold,-100,gold,-100,-100,0,-100,8,0,0,-100,"",-100,
1129,DB-T-72Z-4.png,1,-100,green,-100,green,-100,-100,0,-100,8,0,0,-100,"",-100,
1130,DB-T-80-1.png,1,-100,gold,-100,gold,-100,-100,0,-100,8,0,0,-100,"",-100,
1131,DB-T-80-2.png,1,-100,gold,-100,gold,-100,-100,0,-100,8,0,0,-100,"",-100,
1132,DB-T-80-3.png,1,-100,gold,-100,gold,-100,-100,0,-100,8,0,0,-100,"",-100,
1133,DB-T-80-4.png,1,-100,gold,-100,gold,-100,-100,0,-100,8,0,0,-100,"",-100,
1134,DB-Tornado.png,1,-100,"",-100,"",-100,-100,0,-100,0,0,0,-100,"",-100,
1135,"DB-Twisted Woods-B.png",1057,-100,black,4,black,-100,-100,0,-100,0,0,0,-100,"",-100,
1136,"DB-Twisted Woods-F.png",1057,-100,black,6,black,-100,-100,0,-100,0,0,0,-100,"",-100,
1137,DB-Usurper-B.png,1,-100,gold,-100,"",-100,-100,0,-100,8,0,0,-100,"",-100,
1138,DB-Usurper-F.png,1,-100,gold,-100,"",-100,-100,0,-100,8,0,0,-100,"",-100,
1139,DB-Wormhole.png,1,-100,"",-100,"",-100,-100,0,-100,0,0,0,-100,"",-100,
1140,DB-Yaroslava-B.png,1,-100,"",-100,"",-100,-100,0,-100,4,0,0,-100,"",-100,
1141,DB-Yaroslava-button.png,0,-100,"",-100,"",-100,-100,0,-100,0,0,0,-100,"",-100,
1142,DB-Yaroslava-F.png,1,-100,"",-100,green,-100,-100,0,-100,4,0,0,-100,"",-100,
1143,DB-Zoranov-B.png,1,-100,"",-100,"",-100,-100,0,-100,4,0,0,-100,"",-100,
1144,DB-Zoranov-button.png,0,-100,"",-100,"",-100,-100,0,-100,0,0,0,-100,"",-100,
1145,DB-Zoranov-F.png,1,-100,"",-100,"",-100,-100,0,-100,4,0,0,-100,"",-100,
1146,DB-ZSU-23-4-B.png,1,-100,gold,-100,gold,-100,-100,0,-100,8,0,0,-100,"",-100,
1147,DB-ZSU-23-4-F.png,1,-100,gold,-100,gold,-100,-100,0,-100,8,0,0,-100,"",-100,
1148,Death_Battalion_Back.png,0,-100,"",-100,"",-100,-100,0,-100,0,0,0,-100,"",-100,
1149,"Disrupted yellow.png",0,-100,"",-100,"",-100,-100,0,-100,0,0,0,-100,"",-100,
1150,"Experiment 19 Card.png",0,-100,"",-100,"",-100,-100,0,-100,0,0,0,-100,"",-100,
1151,"Experiment 19 Card Tarot.png",0,-100,"",-100,"",-100,-100,0,-100,0,0,0,-100,"",-100,
1152,"Fired Yellow.png",0,-100,"",-100,"",-100,-100,0,-100,0,0,0,-100,"",-100,
1153,forward-button.png,0,-100,"",-100,"",-100,-100,0,-100,0,0,0,-100,"",-100,
1154,Graveyard-button2.png,0,-100,"",-100,"",-100,-100,0,-100,0,0,0,-100,"",-100,
1155,Graveyard-button.png,0,-100,"",-100,"",-100,-100,0,-100,0,0,0,-100,"",-100,
1156,Graveyard.png,0,-100,"",-100,"",-100,-100,0,-100,0,0,0,-100,"",-100,
1157,Gunari-button.png,0,-100,"",-100,"",-100,-100,0,-100,0,0,0,-100,"",-100,
1158,"helicopter button.png",0,-100,"",-100,"",-100,-100,0,-100,0,0,0,-100,"",-100,
1159,Inspired.png,1,-100,"",-100,"",-100,-100,0,-100,0,0,0,-100,"",-100,
1160,Katarina-button.png,0,-100,"",-100,"",-100,-100,0,-100,0,0,0,-100,"",-100,
1161,"Koschei Card.png",0,-100,"",-100,"",-100,-100,0,-100,0,0,0,-100,"",-100,
1162,"Koschei Card Tarot.png",0,-100,"",-100,"",-100,-100,0,-100,0,0,0,-100,"",-100,
1163,"Landed yellow.png",0,-100,"",-100,"",-100,-100,0,-100,0,0,0,-100,"",-100,
1164,"Last Turn.png",1,-100,"",-100,"",-100,-100,0,-100,0,0,0,-100,"",-100,
1165,Leditta-button.png,0,-100,"",-100,"",-100,-100,0,-100,0,0,0,-100,"",-100,
1166,"LOS Private.png",0,-100,"",-100,"",-100,-100,0,-100,0,0,0,-100,"",-100,
1167,"LOS Public.png",0,-100,"",-100,"",-100,-100,0,-100,0,0,0,-100,"",-100,
1168,"Map A.jpg",0,-100,"",-100,"",-100,-100,0,-100,0,0,0,-100,"",-100,
1169,"Map B.jpg",0,-100,"",-100,"",-100,-100,0,-100,0,0,0,-100,"",-100,
1170,"Map C.jpg",0,-100,"",-100,"",-100,-100,0,-100,0,0,0,-100,"",-100,
1171,"Map D.jpg",0,-100,"",-100,"",-100,-100,0,-100,0,0,0,-100,"",-100,
1172,"Map E.jpg",0,-100,"",-100,"",-100,-100,0,-100,0,0,0,-100,"",-100,
1173,"Mech Body Hit.png",1,-100,"",-100,"",-100,-100,0,-100,0,0,0,-100,"",-100,
1174,"Mech Cockpit Hit.png",1,-100,"",-100,"",-100,-100,0,-100,0,0,0,-100,"",-100,
1175,"Mech Gun Hit 2.png",1,-100,"",-100,"",-100,-100,0,-100,0,0,0,-100,"",-100,
1176,"Mech Gun Hit.png",1,-100,"",-100,"",-100,-100,0,-100,0,0,0,-100,"",-100,
1177,"Mech Hit Back.png",1,-100,"",-100,"",-100,-100,0,-100,0,0,0,-100,"",-100,
1178,"Mech Leg Hit.png",1,-100,"",-100,"",-100,-100,0,-100,0,0,0,-100,"",-100,
1179,LAR_Wreck_Mecha.png,0,-100,"",-100,"",-100,-100,0,-100,64,0,0,-100,"",-100,
1180,"Moved yellow.png",0,-100,"",-100,"",-100,-100,0,-100,0,0,0,-100,"",-100,
1181,"MSS Empty.png",0,-100,"",-100,"",-100,-100,0,-100,0,0,0,-100,"",-100,
1182,NOM_Arty_Strike.png,0,-100,"",-100,"",-100,-100,0,-100,0,0,0,-100,"",-100,
1183,Objective-B.png,1,-100,"",-100,"",-100,-100,0,-100,0,0,0,-100,"",-100,
1184,Objective-F.png,1,-100,"",-100,"",-100,-100,0,-100,0,0,0,-100,"",-100,
1185,OST2_zoom_custom_sm2.png,0,-100,"",-100,"",-100,-100,0,-100,0,0,0,-100,"",-100,
1186,OST2_zoom_custom_sm.png,0,-100,"",-100,"",-100,-100,0,-100,0,0,0,-100,"",-100,
1187,OST2_zoom_in_sm2.png,0,-100,"",-100,"",-100,-100,0,-100,0,0,0,-100,"",-100,
1188,OST2_zoom_in_sm.png,0,-100,"",-100,"",-100,-100,0,-100,0,0,0,-100,"",-100,
1189,OST2_zoom_out_sm2.png,0,-100,"",-100,"",-100,-100,0,-100,0,0,0,-100,"",-100,
1190,OST2_zoom_out_sm.png,0,-100,"",-100,"",-100,-100,0,-100,0,0,0,-100,"",-100,
1191,OSTv2_camera_icon2.png,0,-100,"",-100,"",-100,-100,0,-100,0,0,0,-100,"",-100,
1192,OSTv2_camera_icon.png,0,-100,"",-100,"",-100,-100,0,-100,0,0,0,-100,"",-100,
1193,OSTv2_Hide_01.png,0,-100,"",-100,"",-100,-100,0,-100,0,0,0,-100,"",-100,
1194,OSTv2_Hide_02.png,0,-100,"",-100,"",-100,-100,0,-100,0,0,0,-100,"",-100,
1195,OSTv2_LOS_icon.png,0,-100,"",-100,"",-100,-100,0,-100,0,0,0,-100,"",-100,
1196,OSTv2_mini_map_icon.png,0,-100,"",-100,"",-100,-100,0,-100,0,0,0,-100,"",-100,
1197,OSTv2_Notes_Button.png,0,-100,"",-100,"",-100,-100,0,-100,0,0,0,-100,"",-100,
1198,OSTv2_Retire_Button.png,0,-100,"",-100,"",-100,-100,0,-100,0,0,0,-100,"",-100,
1199,OSTv2_Server_Button.png,0,-100,"",-100,"",-100,-100,0,-100,0,0,0,-100,"",-100,
1200,"PAC LR-02_0321.jpg",0,-100,"",-100,"",-100,-100,0,-100,0,0,0,-100,"",-100,
1201,"PAC LR-1_June_2022.jpg",0,-100,"",-100,"",-100,-100,0,-100,0,0,0,-100,"",-100,
1202,PAC_LR-2.png,0,-100,"",-100,"",-100,-100,0,-100,0,0,0,-100,"",-100,
1203,PAH-1-back.png,35,8,blue,-100,"",0,-100,8192,-100,0,0,0,-100,"",-100,
1204,PAH-1-front.png,3,-100,"",-100,"",12,-100,8192,-100,0,0,0,-100,"",-100,
1205,"Player Aid Card-button.png",0,-100,"",-100,"",-100,-100,0,-100,0,0,0,-100,"",-100,
1206,"Player Aid Card.png",0,-100,"",-100,"",-100,-100,0,-100,0,0,0,-100,"",-100,
1207,Prohibition.png,0,-100,"",-100,"",-100,-100,0,-100,0,0,0,-100,"",-100,
1208,Radu-button.png,0,-100,"",-100,"",-100,-100,0,-100,0,0,0,-100,"",-100,
1209,"Rasputina Card.png",0,-100,"",-100,"",-100,-100,0,-100,0,0,0,-100,"",-100,
1210,"Rasputina Card Tarot.png",0,-100,"",-100,"",-100,-100,0,-100,0,0,0,-100,"",-100,
1211,refugee-button.png,0,-100,"",-100,"",-100,-100,0,-100,0,0,0,-100,"",-100,
1212,"River Ford.png",1,-100,"",-100,"",-100,-100,0,-100,0,0,0,-100,"",-100,
1213,Schmidt-back.png,1,-100,"",2,green,2,5,32768,-100,2,0,8,-100,"",-100,
1214,Schmidt-front.png,1,-100,"",2,green,3,6,32768,-100,2,0,8,-100,"",-100,
1215,"Soviet Initiative.png",1,-100,"",-100,"",-100,-100,0,-100,0,0,0,-100,"",-100,
1216,"SV-Black Eagle-B.png",9,-100,red,-100,gold,-100,-100,0,-100,8,0,0,-100,"",-100,
1217,"SV-Black Eagle-F.png",1,-100,red,-100,gold,-100,-100,0,-100,8,0,0,-100,"",-100,
1218,SV-BMP-2A1-B.png,165,-100,blue,4,gold,-100,-100,0,-100,8,0,0,-100,"",-100,
1219,SV-BMP-2A1-F.png,37,-100,blue,-100,gold,-100,-100,0,-100,8,0,0,-100,"",-100,
1220,SV-BMP-2A2-B.png,181,-100,blue,4,gold,-100,-100,0,-100,8,0,0,-100,"",-100,
1221,SV-BMP-2A2-F.png,37,-100,blue,-100,gold,-100,-100,0,-100,8,0,0,-100,"",-100,
1222,SV-BMP-2A3-B.png,53,-100,blue,-100,gold,-100,-100,0,-100,8,0,0,-100,"",-100,
1223,SV-BMP-2A3-F.png,37,-100,blue,-100,gold,-100,-100,0,-100,8,0,0,-100,"",-100,
1224,SV-BMP-2-B.png,165,-100,blue,4,gold,-100,-100,0,-100,8,0,0,-100,"",-100,
1225,SV-BMP-2-F.png,37,-100,blue,-100,gold,-100,-100,0,-100,8,0,0,-100,"",-100,
1226,LAR_Devastator.png,0,12,gold,-100,gold,-100,-100,0,-100,96,0,0,16,red,-100,
1227,LAR_Punisher.png,0,-100,,-100,gold,-100,-100,0,-100,96,0,0,8,gold,-100,
1228,SV-T-80-B.png,1,-100,red,-100,gold,-100,-100,0,-100,8,0,0,-100,"",-100,
1229,SV-T-80-F.png,1,-100,red,-100,gold,-100,-100,0,-100,8,0,0,-100,"",-100,
1230,SV-T-80G1-B.png,1,-100,gold,-100,gold,-100,-100,0,-100,8,0,0,-100,"",-100,
1231,SV-T-80G1-F.png,1,-100,gold,-100,gold,-100,-100,0,-100,8,0,0,-100,"",-100,
1232,SV-T-80G2-B.png,1,-100,gold,-100,gold,-100,-100,0,-100,8,0,0,-100,"",-100,
1233,SV-T80G2-F.png,1,-100,gold,-100,gold,-100,-100,0,-100,8,0,0,-100,"",-100,
1234,LAR_Timberhawk.png,0,-100,,-100,"",-100,-100,0,-100,96,0,0,18,red,-100,
1235,Tentani-button.png,0,-100,"",-100,"",-100,-100,0,-100,0,0,0,-100,"",-100,
1236,TLR_Armies_Button.jpg,0,-100,"",-100,"",-100,-100,0,-100,0,0,0,-100,"",-100,
1237,TLR_Basic_Deck_01.png,0,-100,"",-100,"",-100,-100,0,-100,0,0,0,-100,"",-100,
1238,TLR_Basic_Deck_02.png,0,-100,"",-100,"",-100,-100,0,-100,0,0,0,-100,"",-100,
1239,TLR_Basic_Deck_03.png,0,-100,"",-100,"",-100,-100,0,-100,0,0,0,-100,"",-100,
1240,TLR_Basic_Deck_04.png,0,-100,"",-100,"",-100,-100,0,-100,0,0,0,-100,"",-100,
1241,TLR_Basic_Deck_05.png,0,-100,"",-100,"",-100,-100,0,-100,0,0,0,-100,"",-100,
1242,TLR_Basic_Deck_06.png,0,-100,"",-100,"",-100,-100,0,-100,0,0,0,-100,"",-100,
1243,TLR_Basic_Deck_07.png,0,-100,"",-100,"",-100,-100,0,-100,0,0,0,-100,"",-100,
1244,TLR_Basic_Deck_08.png,0,-100,"",-100,"",-100,-100,0,-100,0,0,0,-100,"",-100,
1245,TLR_Basic_Deck_09.png,0,-100,"",-100,"",-100,-100,0,-100,0,0,0,-100,"",-100,
1246,TLR_Basic_Deck_10.png,0,-100,"",-100,"",-100,-100,0,-100,0,0,0,-100,"",-100,
1247,TLR_Basic_Deck_11.png,0,-100,"",-100,"",-100,-100,0,-100,0,0,0,-100,"",-100,
1248,TLR_Basic_Deck_12.png,0,-100,"",-100,"",-100,-100,0,-100,0,0,0,-100,"",-100,
1249,TLR_Basic_Deck_13.png,0,-100,"",-100,"",-100,-100,0,-100,0,0,0,-100,"",-100,
1250,TLR_Basic_Deck_14.png,0,-100,"",-100,"",-100,-100,0,-100,0,0,0,-100,"",-100,
1251,TLR_Basic_Deck_15.png,0,-100,"",-100,"",-100,-100,0,-100,0,0,0,-100,"",-100,
1252,TLR_Basic_Deck_16.png,0,-100,"",-100,"",-100,-100,0,-100,0,0,0,-100,"",-100,
1253,TLR_Basic_Deck_17.png,0,-100,"",-100,"",-100,-100,0,-100,0,0,0,-100,"",-100,
1254,TLR_Basic_Deck_18.png,0,-100,"",-100,"",-100,-100,0,-100,0,0,0,-100,"",-100,
1255,TLR_Basic_Deck_19.png,0,-100,"",-100,"",-100,-100,0,-100,0,0,0,-100,"",-100,
1256,TLR_Basic_Deck_20.png,0,-100,"",-100,"",-100,-100,0,-100,0,0,0,-100,"",-100,
1257,TLR_Basic_Deck_21.png,0,-100,"",-100,"",-100,-100,0,-100,0,0,0,-100,"",-100,
1258,TLR_Basic_Deck_22.png,0,-100,"",-100,"",-100,-100,0,-100,0,0,0,-100,"",-100,
1259,TLR_Basic_Deck_23.png,0,-100,"",-100,"",-100,-100,0,-100,0,0,0,-100,"",-100,
1260,TLR_Basic_Deck_24.png,0,-100,"",-100,"",-100,-100,0,-100,0,0,0,-100,"",-100,
1261,TLR_Basic_Deck_25.png,0,-100,"",-100,"",-100,-100,0,-100,0,0,0,-100,"",-100,
1262,TLR_Basic_Deck_26.png,0,-100,"",-100,"",-100,-100,0,-100,0,0,0,-100,"",-100,
1263,TLR_Basic_Deck_27.png,0,-100,"",-100,"",-100,-100,0,-100,0,0,0,-100,"",-100,
1264,TLR_Basic_Deck_28.png,0,-100,"",-100,"",-100,-100,0,-100,0,0,0,-100,"",-100,
1265,TLR_Basic_Deck_29.png,0,-100,"",-100,"",-100,-100,0,-100,0,0,0,-100,"",-100,
1266,TLR_Basic_Deck_30.png,0,-100,"",-100,"",-100,-100,0,-100,0,0,0,-100,"",-100,
1267,TLR_Basic_Deck_31.png,0,-100,"",-100,"",-100,-100,0,-100,0,0,0,-100,"",-100,
1268,TLR_Basic_Deck_32.png,0,-100,"",-100,"",-100,-100,0,-100,0,0,0,-100,"",-100,
1269,TLR_Basic_Deck_33.png,0,-100,"",-100,"",-100,-100,0,-100,0,0,0,-100,"",-100,
1270,TLR_Basic_Deck_34.png,0,-100,"",-100,"",-100,-100,0,-100,0,0,0,-100,"",-100,
1271,TLR_Basic_Deck_35.png,0,-100,"",-100,"",-100,-100,0,-100,0,0,0,-100,"",-100,
1272,TLR_Basic_Deck_36.png,0,-100,"",-100,"",-100,-100,0,-100,0,0,0,-100,"",-100,
1273,TLR_Bevel_158.png,0,-100,"",-100,"",-100,-100,0,-100,0,0,0,-100,"",-100,
1274,TLR_Card_Outline.png,0,-100,"",-100,"",-100,-100,0,-100,0,0,0,-100,"",-100,
1275,TLR_Champion_Card_Gunari-Hunter.png,0,-100,"",-100,"",-100,-100,0,-100,0,0,0,-100,"",-100,
1276,TLR_Champion_Card_Katarina_Ubirek.png,0,-100,"",-100,"",-100,-100,0,-100,0,0,0,-100,"",-100,
1277,TLR_Champion_Card_Leditta.png,0,-100,"",-100,"",-100,-100,0,-100,0,0,0,-100,"",-100,
1278,TLR_Champion_Card_Radu.png,0,-100,"",-100,"",-100,-100,0,-100,0,0,0,-100,"",-100,
1279,TLR_Champion_Card_Tentani.png,0,-100,"",-100,"",-100,-100,0,-100,0,0,0,-100,"",-100,
1280,TLR_Champion_Card_Udvoske.png,0,-100,"",-100,"",-100,-100,0,-100,0,0,0,-100,"",-100,
1281,TLR_Compass_Rose.png,1,-100,"",-100,"",-100,-100,0,-100,0,0,0,-100,"",-100,
1282,TLR_Core_Soviet_Initiative.png,1,-100,"",-100,"",-100,-100,0,-100,0,0,0,-100,"",-100,
1283,TLR_Core_US_Initiative.png,1,-100,"",-100,"",-100,-100,0,-100,0,0,0,-100,"",-100,
1284,TLR_D10_Button_Alt_2.png,0,-100,"",-100,"",-100,-100,0,-100,0,0,0,-100,"",-100,
1285,TLR_D10_Button_Alt_3.png,0,-100,"",-100,"",-100,-100,0,-100,0,0,0,-100,"",-100,
1286,TLR_D10_Button_Alt_4.png,0,-100,"",-100,"",-100,-100,0,-100,0,0,0,-100,"",-100,
1287,TLR_D10_Button_Alt_5.png,0,-100,"",-100,"",-100,-100,0,-100,0,0,0,-100,"",-100,
1288,TLR_D10_Button_Alt_6.png,0,-100,"",-100,"",-100,-100,0,-100,0,0,0,-100,"",-100,
1289,TLR_D10_Button_Alt_7.png,0,-100,"",-100,"",-100,-100,0,-100,0,0,0,-100,"",-100,
1290,TLR_D10_Button_Alt_8.png,0,-100,"",-100,"",-100,-100,0,-100,0,0,0,-100,"",-100,
1291,TLR_D10_Button_Alt_9.png,0,-100,"",-100,"",-100,-100,0,-100,0,0,0,-100,"",-100,
1292,TLR_D10_Button_Alt_Base.png,0,-100,"",-100,"",-100,-100,0,-100,0,0,0,-100,"",-100,
1293,TLR_D10x10_Button_Alt.png,0,-100,"",-100,"",-100,-100,0,-100,0,0,0,-100,"",-100,
1294,TLR_D10x1_Button_Alt.png,0,-100,"",-100,"",-100,-100,0,-100,0,0,0,-100,"",-100,
1295,TLR_DS_158.png,0,-100,"",-100,"",-100,-100,0,-100,0,0,0,-100,"",-100,
1296,TLR_EG_Aid_b.png,1,-100,"",-100,"",-100,-100,0,-100,0,0,0,-100,"",-100,
1297,TLR_EG_Aid.png,1,-100,"",-100,"",-100,-100,0,-100,0,0,0,-100,"",-100,
1298,TLR_EG_BMP-2_b.png,41383,6,blue,4,gold,5,3,16,4,8,0,0,-100,"",-100,
1299,TLR_EG_BMP-2.png,41255,14,blue,8,gold,5,4,16,4,8,0,0,-100,"",-100,
1300,TLR_EG_BTR-70_b.png,41347,-100,"",4,green,8,3,0,0,16,0,0,-100,"",-100,
1301,TLR_EG_BTR-70.png,41219,-100,"",6,green,8,4,0,0,16,0,0,-100,"",-100,
1302,TLR_EG_Focus_b.png,1,-100,"",-100,"",-100,-100,0,-100,0,0,0,-100,"",-100,
1303,TLR_EG_Focus.png,1,-100,"",-100,"",-100,-100,0,-100,0,0,0,-100,"",-100,
1304,TLR_EG_Infantry_b.png,35,3,black,4,green,2,6,32768,-100,0,0,0,-100,"",-100,
1305,TLR_EG_Infantry.png,35,4,black,6,green,2,8,32768,-100,0,0,0,-100,"",-100,
1306,TLR_EG_LStR-40_b.png,4131,3,black,4,green,3,8,33024,-100,0,0,0,-100,"",-100,
1307,TLR_EG_LStR-40.png,4131,4,black,4,green,3,12,33024,-100,0,0,0,-100,"",-100,
1308,TLR_EG_M37-M_b.png,1027,-100,"",6,blue,1,1,32776,-100,0,0,0,-100,"",-100,
1309,TLR_EG_M37-M.png,1027,-100,"",8,blue,1,1,8,-100,0,0,0,-100,"",-100,
1310,TLR_EG_T-72M_b.png,4227,4,gold,6,gold,5,3,32,6,8,0,0,-100,"",-100,
1311,TLR_EG_T-72M.png,4227,10,gold,10,gold,5,4,32,6,8,0,0,-100,"",-100,
1312,TLR_GE_Aid_b.png,1,-100,"",-100,"",-100,-100,0,-100,0,0,0,-100,"",-100,
1313,TLR_GE_Aid.png,1,-100,"",-100,"",-100,-100,0,-100,0,0,0,-100,"",-100,
1314,TLR_GE_Focus_b.png,1,-100,"",-100,"",-100,-100,0,-100,0,0,0,-100,"",-100,
1315,TLR_GE_Focus.png,1,-100,"",-100,"",-100,-100,0,-100,0,0,0,-100,"",-100,
1316,TLR_GE_Infantry_b.png,35,3,black,4,green,2,6,32768,-100,0,0,0,-100,"",-100,
1317,TLR_GE_Infantry.png,35,4,black,6,green,2,8,32768,-100,0,0,0,-100,"",-100,
1318,TLR_GE_Jaguar_2_b.png,39,6,blue,1,green,6,1,0,4,8,0,0,-100,"",-100,
1319,TLR_GE_Jaguar_2.png,39,12,blue,2,green,6,2,0,4,8,0,0,-100,"",-100,
1320,TLR_GE_KanJPz_b.png,3,4,gold,4,green,6,3,0,4,8,0,0,-100,"",-100,
1321,TLR_GE_KanJPz.png,3,8,gold,8,green,6,4,0,4,8,0,0,-100,"",-100,
1322,TLR_GE_Leopard_I_b.png,4099,6,red,4,gold,5,3,0,4,8,0,0,-100,"",-100,
1323,TLR_GE_Leopard_II_b.png,2059,10,red,6,gold,5,3,512,10,8,0,0,-100,"",-100,
1324,TLR_GE_Leopard_II.png,2051,16,red,10,gold,5,4,512,10,8,0,0,-100,"",-100,
1325,TLR_GE_Leopard_I.png,4099,12,red,8,gold,5,4,0,4,8,0,0,-100,"",-100,
1326,TLR_GE_Luchs_b.png,259,-100,"",4,gold,8,2,256,2,16,0,0,-100,"",-100,
1327,TLR_GE_Luchs.png,259,-100,"",6,gold,8,3,256,2,16,0,0,-100,"",-100,
1328,TLR_GE_M113_b.png,8451,-100,"",2,green,5,1,0,2,8,0,0,-100,"",-100,
1329,TLR_GE_M113.png,8451,-100,"",2,green,5,2,0,2,8,0,0,-100,"",-100,
1330,TLR_GE_Marder_b.png,41255,6,red,8,gold,6,3,0,2,8,0,0,-100,"",-100,
1331,TLR_GE_Marder.png,41255,12,red,10,gold,6,4,512,2,8,0,0,-100,"",-100,
1332,TLR_GE_Milan_b.png,1063,6,red,2,black,2,1,32776,-100,0,0,0,-100,"",-100,
1333,TLR_GE_Milan.png,1063,10,red,2,black,2,1,32776,-100,0,0,0,-100,"",-100,
1334,TLR_GE_Mortar_b.png,1539,-100,"",6,blue,1,1,32776,-100,0,0,0,-100,"",-100,
1335,TLR_GE_Mortar.png,1539,-100,"",8,blue,1,1,32776,-100,0,0,0,-100,"",-100,
1336,TLR_GE_PAH-1_b.png,35,16,blue,-100,"",0,-100,8192,-100,0,0,0,-100,"",-100,
1337,TLR_GE_PAH-1.png,3,-100,"",-100,"",12,-100,8192,-100,0,0,0,-100,"",-100,
1338,TLR_GE_Tornado.png,3,12,"",8,"",-100,-100,16384,-100,0,0,0,-100,"",-100,
1339,TLR_GE_Wiesel_1_b.png,259,-100,"",4,gold,6,1,0,-2,8,0,0,-100,"",-100,
1340,TLR_GE_Wiesel_1.png,259,-100,"",6,gold,6,2,0,-2,8,0,0,-100,"",-100,
1341,TLR_GE_Wiesel_TOW_b.png,39,6,blue,-100,"",6,1,8,-2,8,0,0,-100,"",-100,
1342,TLR_GE_Wiesel_TOW.png,39,12,blue,-100,"",6,1,8,-2,8,0,0,-100,"",-100,
1343,TLR_Housekeeping_Button.png,0,-100,"",-100,"",-100,-100,0,-100,0,0,0,-100,"",-100,
1344,TLR_Lycan_Deck_01_incite_ferocity.png,0,-100,"",-100,"",-100,-100,0,-100,0,0,0,-100,"",-100,
1345,TLR_Lycan_Deck_02_incite_ferocity.png,0,-100,"",-100,"",-100,-100,0,-100,0,0,0,-100,"",-100,
1346,TLR_Lycan_Deck_03_incite_ferocity.png,0,-100,"",-100,"",-100,-100,0,-100,0,0,0,-100,"",-100,
1347,TLR_Lycan_Deck_04_forcethechange_panic.png,0,-100,"",-100,"",-100,-100,0,-100,0,0,0,-100,"",-100,
1348,TLR_Lycan_Deck_05_forcethechange_panic.png,0,-100,"",-100,"",-100,-100,0,-100,0,0,0,-100,"",-100,
1349,TLR_Lycan_Deck_06_cover_burstofspeed.png,0,-100,"",-100,"",-100,-100,0,-100,0,0,0,-100,"",-100,
1350,TLR_Lycan_Deck_07_nai_burstofspeed.png,0,-100,"",-100,"",-100,-100,0,-100,0,0,0,-100,"",-100,
1351,TLR_Lycan_Deck_08_sniper_regenerate.png,0,-100,"",-100,"",-100,-100,0,-100,0,0,0,-100,"",-100,
1352,TLR_Lycan_Deck_09_rally_regenerate.png,0,-100,"",-100,"",-100,-100,0,-100,0,0,0,-100,"",-100,
1353,TLR_Lycan_Deck_card_back.png,0,-100,"",-100,"",-100,-100,0,-100,0,0,0,-100,"",-100,
1354,TLR_Map_D_Final.jpg,0,-100,"",-100,"",-100,-100,0,-100,0,0,0,-100,"",-100,
1355,TLR_Map_Edge.png,1,-100,"",-100,"",-100,-100,0,-100,0,0,0,-100,"",-100,
1356,TLR_OTHER_corpses_0621.png,1,-100,"",-100,"",-100,-100,0,-100,0,0,0,-100,"",-100,
1357,TLR_OTHER_corpses_b_0621.png,1,-100,"",-100,"",-100,-100,0,-100,0,0,0,-100,"",-100,
1358,TLR_OTHER_gunari_0621.png,3,-100,"",-100,"",5,12,33796,-100,4,128,16,-100,"",-100,
1359,TLR_OTHER_gunari_b_0621.png,3,-100,"",-100,"",5,18,33796,-100,4,128,16,-100,"",-100,
1360,TLR_OTHER_gun_bike_0621.png,2051,-100,"",4,green,10,-100,512,-100,0,0,0,-100,"",-100,
1361,TLR_OTHER_gun_bike_b_0621.png,2051,-100,"",2,green,10,5,512,-100,0,0,0,-100,"",-100,
1362,TLR_OTHER_hunters_0621.png,3,-100,"",-100,"",5,12,34820,-100,0,4,0,-100,"",-100,
1363,TLR_OTHER_hunters_b_0621.png,3,-100,"",-100,"",5,8,34820,-100,0,4,0,-100,"",-100,
1364,TLR_OTHER_katarina_0621.png,2051,-100,"",4,green,6,8,34816,-100,4,132,272,-100,"",-100,
1365,TLR_OTHER_katarina_b_0621.png,3075,-100,"",6,black,5,6,34816,-100,4,132,272,-100,"",-100,
1366,TLR_OTHER_leditta_01_0621.png,3,-100,"",-100,"",5,12,33796,-100,4,128,4,-100,"",-100,
1367,TLR_OTHER_leditta_01_b_0621.png,3,-100,"",-100,"",5,8,33796,-100,4,128,4,-100,"",-100,
1368,TLR_OTHER_leditta_02_0621.png,2051,-100,"",6,gold,3,6,32768,-100,2,0,4,-100,"",-100,
1369,TLR_OTHER_leditta_02_b_0621.png,2051,-100,"",4,gold,2,4,32768,-100,2,0,4,-100,"",-100,
1370,TLR_OTHER_lycan_0621.png,3,-100,"",-100,"",4,16,33796,-100,0,32896,16,-100,"",-100,
1371,TLR_OTHER_lycan_b_0621.png,3,-100,"",-100,"",4,12,33796,-100,0,32896,16,-100,"",-100,
1372,TLR_OTHER_matuya_0621_b_V2.png,2051,-100,"",2,gold,10,1,8712,-100,0,0,0,-100,"",-100,
1373,TLR_OTHER_matuya_0621_hover_b_V2.png,39,6,red,4,gold,0,1,8712,-100,0,0,0,-100,"",-100,
1374,TLR_OTHER_matuya_0621_hover_V2.png,39,10,red,8,gold,0,1,8712,-100,0,0,0,-100,"",-100,
1375,TLR_OTHER_matuya_0621_V2.png,2051,-100,"",4,gold,10,-100,8712,-100,0,0,0,-100,"",-100,
1376,TLR_OTHER_militia_0621.png,3,-100,"",4,green,2,4,32768,-100,0,0,0,-100,"",-100,
1377,TLR_OTHER_militia_b_0621.png,3,-100,"",2,green,2,3,32768,-100,0,0,0,-100,"",-100,
1378,TLR_OTHER_protector_0621.png,3,-100,"",4,green,2,6,32768,-100,0,0,0,-100,"",-100,
1379,TLR_OTHER_protector_b_0621.png,3,-100,"",2,green,2,3,32768,-100,0,0,0,-100,"",-100,
1380,TLR_OTHER_puker_0621.png,3,-100,"",-100,"",3,8,36868,-100,0,32896,192,-100,"",-100,
1381,TLR_OTHER_puker_b_0621.png,3,-100,"",-100,"",3,3,36868,-100,0,32896,192,-100,"",-100,
1382,TLR_OTHER_radu_0621.png,3,-100,"",-100,"",8,18,32772,-100,4,32900,48,-100,"",-100,
1383,TLR_OTHER_radu_b_0621.png,3,-100,"",-100,"",8,12,32772,-100,4,32900,48,-100,"",-100,
1384,TLR_OTHER_rpd_0621.png,3,-100,"",2,gold,2,4,32776,-100,0,0,0,-100,"",-100,
1385,TLR_OTHER_rpd_b_0621.png,3,-100,"",2,gold,1,2,32776,-100,0,0,0,-100,"",-100,
1386,TLR_OTHER_rpg_0621.png,1059,4,black,2,black,2,2,32776,-100,0,0,0,-100,"",-100,
1387,TLR_OTHER_rpg_b_0621.png,1059,2,black,0,black,2,1,32776,-100,0,0,0,-100,"",-100,
1388,TLR_OTHER_slayer_0621.png,2051,16,blue,4,green,8,3,512,4,16,0,0,-100,"",-100,
1389,TLR_OTHER_slayer_b_0621.png,2051,8,blue,2,green,8,2,512,4,16,0,0,-100,"",-100,
1390,TLR_OTHER_stalker_0621.png,2083,4,black,6,green,6,10,35328,-100,0,4,256,-100,"",-100,
1391,TLR_OTHER_stalker_b_0621.png,2083,2,black,6,green,5,10,35328,-100,0,4,256,-100,"",-100,
1392,TLR_OTHER_technical_mg_0621.png,259,-100,"",2,green,7,2,64,-2,16,0,0,-100,"",-100,
1393,TLR_OTHER_technical_mg_b_0621.png,259,-100,"",1,green,7,1,64,-2,16,0,0,-100,"",-100,
1394,TLR_OTHER_technical_rr_0621.png,35,6,black,4,green,7,2,64,-2,16,0,0,-100,"",-100,
1395,TLR_OTHER_technical_rr_b_0621.png,51,4,black,2,green,7,1,64,-2,16,0,0,-100,"",-100,
1396,TLR_OTHER_tentani_0621.png,3,-100,"",-100,"",5,12,33796,-100,4,160,18,-100,"",-100,
1397,TLR_OTHER_tentani_b_0621.png,3,-100,"",-100,"",5,8,33796,-100,4,160,18,-100,"",-100,
1398,TLR_OTHER_truck_0621.png,40963,-100,"",-100,"",6,1,72,-4,16,0,0,-100,"",-100,
1399,TLR_OTHER_truck_b_0621.png,40963,-100,"",-100,"",6,1,72,-4,16,0,0,-100,"",-100,
1400,TLR_OTHER_udvoske_0621.png,3,-100,"",2,green,3,6,32768,-100,4,1176,256,-100,"",-100,
1401,TLR_OTHER_udvoske_b_0621.png,1027,-100,"",2,black,2,4,32768,-100,4,1176,256,-100,"",-100,
1402,TLR_OTHER_zombies_0621.png,3,-100,"",-100,"",3,4,36868,-100,0,128,0,-100,"",-100,
1403,TLR_OTHER_zombies_b_0621.png,3,-100,"",-100,"",3,2,36868,-100,0,128,0,-100,"",-100,
1404,TLR_PAC_button_0321.png,0,-100,"",-100,"",-100,-100,0,-100,0,0,0,-100,"",-100,
1405,TLR_PAC_Turn_Deck.png,0,-100,"",-100,"",-100,-100,0,-100,0,0,0,-100,"",-100,
1406,TLR_PAC_Turn_Track_Button.jpg,0,-100,"",-100,"",-100,-100,0,-100,0,0,0,-100,"",-100,
1407,TLR_Para_Deck_Window_button.png,0,-100,"",-100,"",-100,-100,0,-100,0,0,0,-100,"",-100,
1408,TLR_Para_Deck_Window.jpg,0,-100,"",-100,"",-100,-100,0,-100,0,0,0,-100,"",-100,
1409,TLR_Para_Deck_Window.png,0,-100,"",-100,"",-100,-100,0,-100,0,0,0,-100,"",-100,
1410,"TLR_Player_Hand _Background.jpg",0,-100,"",-100,"",-100,-100,0,-100,0,0,0,-100,"",-100,
1411,TLR_Player_Hand_Button.png,0,-100,"",-100,"",-100,-100,0,-100,0,0,0,-100,"",-100,
1412,TLR_red_cube.png,0,-100,"",-100,"",-100,-100,0,-100,0,0,0,-100,"",-100,
1413,"TLR_SOV_aid reroll_0321.png",1,-100,"",-100,"",-100,-100,0,-100,0,0,0,-100,"",-100,
1414,"TLR_SOV_aid reroll_b_0321.png",1,-100,"",-100,"",-100,-100,0,-100,0,0,0,-100,"",-100,
1415,TLR_SOV_bmp-1p_0321.png,41319,14,blue,6,green,5,4,16,4,8,0,0,-100,"",-100,
1416,TLR_SOV_bmp-1p_b_0321.png,41319,6,blue,4,green,5,3,16,4,8,0,0,-100,"",-100,
1417,TLR_SOV_bmp-2_0321.png,41319,14,blue,8,gold,5,4,16,4,8,0,0,-100,"",-100,
1418,TLR_SOV_bmp-2_b_0321.png,41319,6,blue,4,gold,5,3,16,4,8,0,0,-100,"",-100,
1419,TLR_SOV_brdm-2_0321.png,259,-100,"",6,green,8,4,256,0,16,0,0,-100,"",-100,
1420,TLR_SOV_brdm-2_b_0321.png,387,-100,"",4,green,8,3,256,0,16,0,0,-100,"",-100,
1421,TLR_SOV_btr-70_0321.png,41219,-100,"",6,green,8,4,0,0,16,0,0,-100,"",-100,
1422,TLR_SOV_btr-70_b_0321.png,41347,-100,"",4,green,8,3,0,0,16,0,0,-100,"",-100,
1423,TLR_SOV_dramonovitch_0321.png,3,-100,"",-100,"",-100,-100,0,-100,1,0,4,-100,"",-100,
1424,TLR_SOV_dramonovitch_b_0321.png,3,-100,"",-100,"",-100,-100,0,-100,1,0,4,-100,"",-100,
1425,TLR_SOV_engineer_0321.png,35,4,black,6,green,2,8,32768,-100,0,0,0,-100,"",-100,
1426,TLR_SOV_engineer_b_0321.png,35,3,black,4,green,2,6,32768,-100,0,0,0,-100,"",-100,
1427,"TLR_SOV_focus reroll_0321.png",1,-100,"",-100,"",-100,-100,0,-100,0,0,0,-100,"",-100,
1428,"TLR_SOV_focus reroll_b_0321.png",1,-100,"",-100,"",-100,-100,0,-100,0,0,0,-100,"",-100,
1429,"TLR_SOV_game turn_0321.png",1,-100,"",-100,"",-100,-100,0,-100,0,0,0,-100,"",-100,
1430,TLR_SOV_infantry_0321.png,35,4,black,6,green,2,8,32768,-100,0,0,0,-100,"",-100,
1431,TLR_SOV_infantry_b_0321.png,35,3,black,4,green,2,6,32768,-100,0,0,0,-100,"",-100,
1432,TLR_SOV_kastet_0321.png,33,-100,blue,-100,"",-100,-100,0,-100,0,0,0,-100,"",-100,
1433,"TLR_SOV_konkurs atgm_0321.png",1063,14,blue,2,black,2,1,32776,-100,0,0,0,-100,"",-100,
1434,"TLR_SOV_konkurs atgm_b_0321.png",1063,6,blue,2,black,2,1,32776,-100,0,0,0,-100,"",-100,
1435,"TLR_SOV_mi-24 hind_1_0321.png",12547,4,green,8,green,12,-100,8192,-100,0,0,0,-100,"",-100,
1436,"TLR_SOV_mi-24 hind_2_0321.png",12547,2,green,4,green,12,-100,8192,-100,0,0,0,-100,"",-100,
1437,"TLR_SOV_mi-24 hind_3_0321.png",8487,8,red,6,green,0,-100,8192,-100,0,0,0,-100,"",-100,
1438,"TLR_SOV_mi-24 hind_4_0321.png",8487,14,red,12,green,0,-100,8192,-100,0,0,0,-100,"",-100,
1439,TLR_SOV_mineroller_0321.png,3,-100,"",4,green,4,3,0,4,8,0,0,-100,"",-100,
1440,TLR_SOV_mineroller_b_0321.png,3,-100,"",2,green,4,1,0,4,8,0,0,-100,"",-100,
1441,TLR_SOV_morozov_0321.png,3,-100,"",-100,"",-100,4,387,2,1,2048,0,-100,"",-100,
1442,TLR_SOV_mortar_0321.png,1027,-100,"",8,blue,1,1,32776,-100,0,0,0,-100,"",-100,
1443,TLR_SOV_mortar_b_0321.png,1027,-100,"",6,blue,1,1,32776,-100,0,0,0,-100,"",-100,
1444,TLR_SOV_mt-55a_0321.png,3,-100,"",-100,"",4,1,8,4,8,0,0,-100,"",-100,
1445,TLR_SOV_mt-55a_b_0321.png,3,-100,"",-100,"",0,8,8,16,0,0,0,-100,"",-100,
1446,TLR_SOV_petrova_0321.png,3075,-100,"",6,black,3,6,32768,-100,2,36864,0,-100,"",-100,
1447,TLR_SOV_petrova_b_0321.png,3075,-100,"",4,black,3,4,32768,-100,2,36864,0,-100,"",-100,
1448,TLR_SOV_spetsnaz_0321.png,4131,4,black,6,green,3,12,33024,-100,0,0,0,-100,"",-100,
1449,TLR_SOV_spetsnaz_b_0321.png,4131,3,black,4,green,3,8,33024,-100,0,0,0,-100,"",-100,
1450,TLR_SOV_su-24_0321.png,3,12,"",8,"",-100,-100,16384,-100,0,0,0,-100,"",-100,
1451,"TLR_SOV_t-12 atg_0321.png",3,6,green,6,green,0,1,8,-100,0,0,0,-100,"",-100,
1452,"TLR_SOV_t-12 atg_b_0321.png",19,4,green,4,green,0,1,8,-100,0,0,0,-100,"",-100,
1453,TLR_SOV_t-62_0321.png,3,8,green,8,green,5,4,16,6,8,0,0,-100,"",-100,
1454,TLR_SOV_t-62_b_0321.png,3,4,green,4,green,5,3,16,6,8,0,0,-100,"",-100,
1455,TLR_SOV_t-64b_0321.png,131,10,gold,10,gold,5,4,16,8,8,0,0,-100,"",-100,
1456,TLR_SOV_t-64b_2_0321.png,167,14,blue,10,gold,5,4,16,8,8,0,0,-100,"",-100,
1457,TLR_SOV_t-64b_2_b_0321.png,167,6,blue,6,gold,5,3,16,8,8,0,0,-100,"",-100,
1458,TLR_SOV_t-64b_b_0321.png,131,4,gold,6,gold,5,3,16,8,8,0,0,-100,"",-100,
1459,TLR_SOV_t-80_0321.png,4099,12,gold,10,gold,6,4,0,8,8,0,0,-100,"",-100,
1460,TLR_SOV_t-80_b_0321.png,4099,6,gold,6,gold,6,3,0,8,8,0,0,-100,"",-100,
1461,"TLR_SOV_ural truck_0321.png",40963,-100,"",-100,"",8,1,72,-4,16,0,0,-100,"",-100,
1462,"TLR_SOV_ural truck_b_0321.png",40963,-100,"",-100,"",8,1,72,-4,16,0,0,-100,"",-100,
1463,TLR_SOV_vorishnov_0321.png,2051,-100,"",2,green,3,4,32768,-100,2,8200,0,-100,"",-100,
1464,TLR_SOV_vorishnov_b_0321.png,2051,-100,"",2,green,2,5,32768,-100,2,8200,0,-100,"",-100,
1465,TLR_Splash.jpg,0,-100,"",-100,"",-100,-100,0,-100,0,0,0,-100,"",-100,
1466,"TLR_SYS_-1 hit_0321.png",1,-100,"",-100,"",-100,-100,0,-100,0,0,0,-100,"",-100,
1467,"TLR_SYS_armed mob_0321_v2.png",35,2,black,2,green,2,2,32768,-100,0,0,0,-100,"",-100,
1468,"TLR_SYS_at ditch_0321.png",1,-100,"",-100,"",-100,-100,0,-100,0,0,0,-100,"",-100,
1469,TLR_SYS_blast_0321_v2.png,1,-100,"",-100,"",-100,-100,0,-100,0,0,0,-100,"",-100,
1470,TLR_SYS_Control_Lycan_b.png,1,-100,"",-100,"",-100,-100,0,-100,0,0,0,-100,"",-100,
1471,TLR_SYS_Control_Lycan.png,1,-100,"",-100,"",-100,-100,0,-100,0,0,0,-100,"",-100,
1472,TLR_SYS_Control_NATO.png,1,-100,"",-100,"",-100,-100,0,-100,0,0,0,-100,"",-100,
1473,TLR_SYS_Control_Soviet.png,1,-100,"",-100,"",-100,-100,0,-100,0,0,0,-100,"",-100,
1474,TLR_SYS_Control_Vampire_b.png,1,-100,"",-100,"",-100,-100,0,-100,0,0,0,-100,"",-100,
1475,TLR_SYS_Control_Vampire.png,1,-100,"",-100,"",-100,-100,0,-100,0,0,0,-100,"",-100,
1476,TLR_SYS_Control_Zombie_b.png,1,-100,"",-100,"",-100,-100,0,-100,0,0,0,-100,"",-100,
1477,TLR_SYS_Control_Zombie.png,1,-100,"",-100,"",-100,-100,0,-100,0,0,0,-100,"",-100,
1478,TLR_SYS_disrupted_0321.png,1,-100,"",-100,"",-100,-100,0,-100,0,0,0,-100,"",-100,
1479,TLR_SYS_ecm_0321.png,1,-100,"",-100,"",-100,-100,0,-100,0,0,0,-100,"",-100,
1480,TLR_SYS_fired_0321.png,1,-100,"",-100,"",-100,-100,0,-100,0,0,0,-100,"",-100,
1481,TLR_SYS_flanked_0321.png,1,-100,"",-100,"",-100,-100,0,-100,0,0,0,-100,"",-100,
1482,"TLR_SYS_gun and run_0321.png",1,-100,"",-100,"",-100,-100,0,-100,0,0,0,-100,"",-100,
1483,"TLR_SYS_in tunnel_0321.png",1,-100,"",-100,"",-100,-100,0,-100,0,0,0,-100,"",-100,
1484,TLR_SYS_landed_0321.png,1,-100,"",-100,"",-100,-100,0,-100,0,0,0,-100,"",-100,
1485,"TLR_SYS_LOS A_0621.png",1,-100,"",-100,"",-100,-100,0,-100,0,0,0,-100,"",-100,
1486,"TLR_SYS_LOS B_0621.png",1,-100,"",-100,"",-100,-100,0,-100,0,0,0,-100,"",-100,
1487,"TLR_SYS_lose 1 hit_0321.png",1,-100,"",-100,"",-100,-100,0,-100,0,0,0,-100,"",-100,
1488,"TLR_SYS_mine 6fp_0321.png",1,-100,"",-100,"",-100,-100,0,-100,0,0,0,-100,"",-100,
1489,"TLR_SYS_mines 4fp_0321.png",1,-100,"",-100,"",-100,-100,0,-100,0,0,0,-100,"",-100,
1490,TLR_SYS_moved_0321.png,1,-100,"",-100,"",-100,-100,0,-100,0,0,0,-100,"",-100,
1491,TLR_SYS_mss_0321.png,1,-100,"",-100,"",-100,-100,0,-100,0,0,0,-100,"",-100,
1492,"TLR_SYS_occupation A_0621.png",1,-100,"",-100,"",-100,-100,0,-100,0,0,0,-100,"",-100,
1493,"TLR_SYS_occupation B_0621.png",1,-100,"",-100,"",-100,-100,0,-100,0,0,0,-100,"",-100,
1494,"TLR_SYS_out of ammunition_0321.png",1,-100,"",-100,"",-100,-100,0,-100,0,0,0,-100,"",-100,
1495,TLR_SYS_overwatch_0321.png,1,-100,"",-100,"",-100,-100,0,-100,0,0,0,-100,"",-100,
1496,TLR_SYS_Red_Star.png,1,-100,"",-100,"",-100,-100,0,-100,0,0,0,-100,"",-100,
1497,TLR_SYS_refugees_0321_v2.png,3,-100,"",-100,"",1,-100,32768,-100,0,0,0,-100,"",-100,
1498,TLR_SYS_rubble_0321.png,1,-100,"",-100,"",-100,-100,0,-100,0,0,0,-100,"",-100,
1499,TLR_SYS_smoke_1_0321.png,1,-100,"",-100,"",-100,-100,0,-100,0,0,0,-100,"",-100,
1500,TLR_SYS_smoke_2_0321.png,1,-100,"",-100,"",-100,-100,0,-100,0,0,0,-100,"",-100,
1501,"TLR_SYS_smoke expended_0321.png",1,-100,"",-100,"",-100,-100,0,-100,0,0,0,-100,"",-100,
1502,"TLR_SYS_smoking wreck_0321.png",1,-100,"",-100,"",-100,-100,0,-100,0,0,0,-100,"",-100,
1503,TLR_SYS_White_Star.png,1,-100,"",-100,"",-100,-100,0,-100,0,0,0,-100,"",-100,
1504,TLR_SYS_wire_0321.png,1,-100,"",-100,"",-100,-100,0,-100,0,0,0,-100,"",-100,
1505,TLR_SYS_wreck_0321.png,1,-100,"",-100,"",-100,-100,0,-100,0,0,0,-100,"",-100,
1506,TLR_SYS_wreck_2_0321.png,1,-100,"",-100,"",-100,-100,0,-100,0,0,0,-100,"",-100,
1507,TLR_SYS_wreck_3_0321.png,1,-100,"",-100,"",-100,-100,0,-100,0,0,0,-100,"",-100,
1508,TLR_SYS_wreck_4_0321.png,1,-100,"",-100,"",-100,-100,0,-100,0,0,0,-100,"",-100,
1509,"TLR_US_a-10 thunderbolt_0321.png",3,14,"",8,"",-100,-100,16384,-100,0,0,0,-100,"",-100,
1510,TLR_US_abrams_0321.png,2059,14,red,10,gold,6,4,544,8,8,0,0,-100,"",-100,
1511,TLR_US_abrams_b_0321.png,2059,8,red,6,gold,6,3,544,8,8,0,0,-100,"",-100,
1512,"TLR_US_ah-1 cobra_1_0321.png",4355,4,green,8,green,14,-100,8192,-100,0,0,0,-100,"",-100,
1513,"TLR_US_ah-1 cobra_2_0321.png",295,12,blue,12,green,0,-100,8192,-100,0,0,0,-100,"",-100,
1514,"TLR_US_ah-1 cobra_3_0321.png",4355,2,green,4,green,14,-100,8192,-100,0,0,0,-100,"",-100,
1515,"TLR_US_ah-1 cobra_4_0321.png",295,6,blue,6,green,0,-100,8192,-100,0,0,0,-100,"",-100,
1516,"TLR_US_aid reroll_0321.png",1,-100,"",-100,"",-100,-100,0,-100,0,0,0,-100,"",-100,
1517,"TLR_US_aid reroll_b_0321.png",1,-100,"",-100,"",-100,-100,0,-100,0,0,0,-100,"",-100,
1518,"TLR_US_bgm-71 tow_0321.png",1063,12,blue,2,black,1,1,32776,-100,0,0,0,-100,"",-100,
1519,"TLR_US_bgm-71 tow_b_0321.png",1063,6,blue,2,black,1,1,32776,-100,0,0,0,-100,"",-100,
1520,TLR_US_dahl_0321.png,3,-100,"",-100,"",-100,4,3,-100,1,1,0,-100,"",-100,
1521,TLR_US_dragon_0321.png,1063,8,gold,2,black,2,1,32776,-100,0,0,0,-100,"",-100,
1522,TLR_US_dragon_b_0321.png,1063,4,gold,2,black,2,1,32776,-100,0,0,0,-100,"",-100,
1523,"TLR_US_focus reroll_0321.png",1,-100,"",-100,"",-100,-100,0,-100,0,0,0,-100,"",-100,
1524,"TLR_US_focus reroll_b_0321.png",1,-100,"",-100,"",-100,-100,0,-100,0,0,0,-100,"",-100,
1525,"TLR_US_game turn_0321.png",1,-100,"",-100,"",-100,-100,0,-100,0,0,0,-100,"",-100,
1526,TLR_US_hmmwv_0321.png,61699,-100,"",2,green,10,2,64,0,16,0,0,-100,"",-100,
1527,TLR_US_hmmwv_b_0321.png,61699,-100,"",2,green,10,1,64,0,16,0,0,-100,"",-100,
1528,"TLR_US_hmmwv tow_0321.png",39,12,blue,2,green,10,1,72,0,16,0,0,-100,"",-100,
1529,"TLR_US_hmmwv tow_b_0321.png",39,6,blue,2,green,10,1,72,0,16,0,0,-100,"",-100,
1530,TLR_US_hood_0321.png,3075,-100,"",6,black,3,4,32768,-100,2,16,0,-100,"",-100,
1531,TLR_US_hood_b_0321.png,3075,-100,"",4,black,4,3,32768,-100,2,16,0,-100,"",-100,
1532,TLR_US_hudson_0321.png,2051,-100,"",2,green,3,6,32768,-100,2,16384,1,-100,"",-100,
1533,TLR_US_hudson_b_0321.png,2051,-100,"",2,green,2,5,32768,-100,2,16384,1,-100,"",-100,
1534,TLR_US_infantry_0321.png,35,4,black,6,green,2,8,32768,-100,0,0,0,-100,"",-100,
1535,TLR_US_infantry_b_0321.png,35,3,black,4,green,2,6,32768,-100,0,0,0,-100,"",-100,
1536,TLR_US_m106_0321.png,1539,-100,"",12,blue,-100,2,0,2,8,0,0,-100,"",-100,
1537,TLR_US_m106_b_0321.png,1539,-100,"",6,blue,5,1,0,2,8,0,0,-100,"",-100,
1538,TLR_US_m113_0321.png,8451,-100,"",2,green,5,2,0,2,8,0,0,-100,"",-100,
1539,TLR_US_m113_b_0321.png,8451,-100,"",2,green,5,1,0,2,8,0,0,-100,"",-100,
1540,TLR_US_m29_0321.png,1027,-100,"",8,blue,1,1,32776,-100,0,0,0,-100,"",-100,
1541,TLR_US_m29_b_0321.png,1027,-100,"",4,blue,1,1,32776,-100,0,0,0,-100,"",-100,
1542,"TLR_US_m-2 bradley_0321.png",41319,12,blue,8,gold,5,4,512,2,8,0,0,-100,"",-100,
1543,"TLR_US_m-2 bradley_b_0321.png",41319,6,blue,4,gold,5,3,512,2,8,0,0,-100,"",-100,
1544,"TLR_US_m-3 bradley_0321.png",57703,12,blue,8,gold,5,4,800,2,8,0,0,-100,"",-100,
1545,"TLR_US_m-3 bradley_b_0321.png",57703,6,blue,4,gold,5,3,800,2,8,0,0,-100,"",-100,
1546,"TLR_US_m551 sheridan_0321.png",55,12,blue,12,green,7,4,0,4,8,0,0,-100,"",-100,
1547,"TLR_US_m551 sheridan_b_0321.png",55,6,blue,6,green,7,3,0,4,8,0,0,-100,"",-100,
1548,"TLR_US_m60a3 patton_0321.png",2195,14,red,10,gold,4,4,512,6,8,0,0,-100,"",-100,
1549,"TLR_US_m60a3 patton_b_0321.png",2195,8,red,6,gold,4,3,512,6,8,0,0,-100,"",-100,
1550,TLR_US_m901_0321.png,295,12,blue,2,green,5,2,512,2,8,0,0,-100,"",-100,
1551,TLR_US_m901_b_0321.png,295,6,blue,2,green,5,1,512,2,8,0,0,-100,"",-100,
1552,TLR_US_recon_b_0621.png,35,0,black,0,green,3,2,33024,-100,0,0,0,-100,"",-100,
1553,TLR_US_recon_f_0621.png,35,2,black,2,green,3,3,256,-100,0,0,0,-100,"",-100,
1554,TLR_US_tiny_0321_v2.png,2051,-100,"",4,gold,2,6,32768,-100,2,2,0,-100,"",-100,
1555,TLR_US_tiny_b_0321_v2.png,2051,-100,"",2,gold,2,4,32768,-100,2,2,0,-100,"",-100,
1556,TLR_Vampire_Deck_01_empblast_bloodsucker.png,0,-100,"",-100,"",-100,-100,0,-100,0,0,0,-100,"",-100,
1557,TLR_Vampire_Deck_02_opfire_mindcontrol.png,0,-100,"",-100,"",-100,-100,0,-100,0,0,0,-100,"",-100,
1558,TLR_Vampire_Deck_03_opfire_mindcontrol.png,0,-100,"",-100,"",-100,-100,0,-100,0,0,0,-100,"",-100,
1559,TLR_Vampire_Deck_04_superiortargeting_transmogrify.png,0,-100,"",-100,"",-100,-100,0,-100,0,0,0,-100,"",-100,
1560,TLR_Vampire_Deck_05_superiortargeting_bloodsucker.png,0,-100,"",-100,"",-100,-100,0,-100,0,0,0,-100,"",-100,
1561,TLR_Vampire_Deck_06_electricarmor_bloodsucker.png,0,-100,"",-100,"",-100,-100,0,-100,0,0,0,-100,"",-100,
1562,TLR_Vampire_Deck_07_electricarmor_agility.png,0,-100,"",-100,"",-100,-100,0,-100,0,0,0,-100,"",-100,
1563,TLR_Vampire_Deck_08_seekershells_confusion.png,0,-100,"",-100,"",-100,-100,0,-100,0,0,0,-100,"",-100,
1564,TLR_Vampire_Deck_09_nem_fear.png,0,-100,"",-100,"",-100,-100,0,-100,0,0,0,-100,"",-100,
1565,TLR_Vampire_Deck_carde_back.png,0,-100,"",-100,"",-100,-100,0,-100,0,0,0,-100,"",-100,
1566,TLR_Witch_Deck_01_boltsoflightning.png,0,-100,"",-100,"",-100,-100,0,-100,0,0,0,-100,"",-100,
1567,TLR_Witch_Deck_02_boltsoflightning.png,0,-100,"",-100,"",-100,-100,0,-100,0,0,0,-100,"",-100,
1568,TLR_Witch_Deck_03_chainit.png,0,-100,"",-100,"",-100,-100,0,-100,0,0,0,-100,"",-100,
1569,TLR_Witch_Deck_04_fireball.png,0,-100,"",-100,"",-100,-100,0,-100,0,0,0,-100,"",-100,
1570,TLR_Witch_Deck_05_fireball.png,0,-100,"",-100,"",-100,-100,0,-100,0,0,0,-100,"",-100,
1571,TLR_Witch_Deck_06_fireball.png,0,-100,"",-100,"",-100,-100,0,-100,0,0,0,-100,"",-100,
1572,TLR_Witch_Deck_07_ecktoplasmicshield.png,0,-100,"",-100,"",-100,-100,0,-100,0,0,0,-100,"",-100,
1573,TLR_Witch_Deck_08_ecktoplasmicshield.png,0,-100,"",-100,"",-100,-100,0,-100,0,0,0,-100,"",-100,
1574,TLR_Witch_Deck_09_glacio.png,0,-100,"",-100,"",-100,-100,0,-100,0,0,0,-100,"",-100,
1575,TLR_Witch_Deck_card_back.png,0,-100,"",-100,"",-100,-100,0,-100,0,0,0,-100,"",-100,
1576,TLR_Zombie_Deck_01_ohmygod_itsjonesy_hesturned.png,0,-100,"",-100,"",-100,-100,0,-100,0,0,0,-100,"",-100,
1577,TLR_Zombie_Deck_02_sharpjustbitthesarge.png,0,-100,"",-100,"",-100,-100,0,-100,0,0,0,-100,"",-100,
1578,TLR_Zombie_Deck_03_damntheyrefasterthanwethink.png,0,-100,"",-100,"",-100,-100,0,-100,0,0,0,-100,"",-100,
1579,TLR_Zombie_Deck_04_damntheyrefasterthanwethink.png,0,-100,"",-100,"",-100,-100,0,-100,0,0,0,-100,"",-100,
1580,TLR_Zombie_Deck_05_icanttakeitanymore.png,0,-100,"",-100,"",-100,-100,0,-100,0,0,0,-100,"",-100,
1581,TLR_Zombie_Deck_06_icanttakeitanymore.png,0,-100,"",-100,"",-100,-100,0,-100,0,0,0,-100,"",-100,
1582,TLR_Zombie_Deck_07_wheredidtheycomefrom.png,0,-100,"",-100,"",-100,-100,0,-100,0,0,0,-100,"",-100,
1583,TLR_Zombie_Deck_08_wheredidtheycomefrom.png,0,-100,"",-100,"",-100,-100,0,-100,0,0,0,-100,"",-100,
1584,TLR_Zombie_Deck_09_whatisthat.png,0,-100,"",-100,"",-100,-100,0,-100,0,0,0,-100,"",-100,
1585,TLR_Zombie_Deck_card_back.png,0,-100,"",-100,"",-100,-100,0,-100,0,0,0,-100,"",-100,
1586,TRL_Map_A_Final.jpg,0,-100,"",-100,"",-100,-100,0,-100,0,0,0,-100,"",-100,
1587,TRL_Map_B_Final.jpg,0,-100,"",-100,"",-100,-100,0,-100,0,0,0,-100,"",-100,
1588,TRL_Map_C_Final.jpg,0,-100,"",-100,"",-100,-100,0,-100,0,0,0,-100,"",-100,
1589,Udvoske-button.png,0,-100,"",-100,"",-100,-100,0,-100,0,0,0,-100,"",-100,
1590,undo-button.png,0,-100,"",-100,"",-100,-100,0,-100,0,0,0,-100,"",-100,
1591,Whitman-B.png,1,-100,"",-100,"",-100,-100,0,-100,0,0,0,-100,"",-100,
1592,Whitman-F.png,1,-100,"",-100,"",-100,-100,0,-100,0,0,0,-100,"",-100,
1593,Whitman.png,3,-100,"",-100,"",-100,-100,0,-100,1,16384,0,-100,"",-100,
1594,"Yaroslava Card.png",0,-100,"",-100,"",-100,-100,0,-100,0,0,0,-100,"",-100,
1595,"Yaroslava Card Tarot.png",0,-100,"",-100,"",-100,-100,0,-100,0,0,0,-100,"",-100,
1596,Zombie-back2.png,1,-100,"",-100,"",-100,-100,0,-100,0,0,0,-100,"",-100,
1597,Zombie-back.png,1,-100,"",-100,"",-100,-100,0,-100,0,0,0,-100,"",-100,
1598,Zombie-button.png,0,-100,"",-100,"",-100,-100,0,-100,0,0,0,-100,"",-100,
1599,"Zoranov Card.png",0,-100,"",-100,"",-100,-100,0,-100,0,0,0,-100,"",-100,
1600,"Zoranov Card Tarot.png",0,-100,"",-100,"",-100,-100,0,-100,0,0,0,-100,"",-100,
